VISIT_AREA_NM,SIDO,GUNGU,VISIT_AREA_TYPE_CD,RESIDENCE_TIME_MIN_mean,RCMDTN_INTENTION_mean,REVISIT_YN_mean,TRAVEL_COMPANIONS_NUM_mean,REVISIT_INTENTION_mean,ROAD_NM_ADDR,LOTNO_ADDR,X_COORD,Y_COORD,Cluster
제이드가든수목원,강원,춘천시,1.0,102.0,3.8,0.0,1.4,3.4,강원 춘천시 남산면 햇골길 80,강원 춘천시 남산면 서천리 산 111,127.5433139,37.83112831,6
남이섬,강원,춘천시,1.0,173.33333333333334,4.666666666666667,0.3333333333333333,1.6388888888888888,4.638888888888889,강원 춘천시 남산면 남이섬길 1,강원 춘천시 남산면 방하리 197,127.5252101,37.79144075,6
석촌호수 서호,서울,송파구,7.0,47.72727272727273,4.363636363636363,0.4090909090909091,0.7727272727272727,4.181818181818182,서울특별시 송파구 송파나루길 15,서울 송파구 잠실동 47,127.0991128,37.50768073,6
고석정꽃밭,강원,철원군,1.0,82.5,4.25,0.125,1.75,4.25,,강원 철원군 동송읍 장흥리 10-2,127.2950517,38.18700162,6
한강,서울,영등포구,1.0,103.33333333333331,4.222222222222222,0.8888888888888888,0.3333333333333333,4.222222222222222,,서울 영등포구 여의도동,126.9475451,37.52508922,6
장생포고래박물관,울산,남구,2.0,92.5,4.666666666666667,0.1666666666666666,1.8333333333333333,4.5,,,126.985736,37.57743359,6
철원한탄강 주상절리길 드르니매표소,강원,철원군,7.0,66.0,4.2,0.0,1.4,4.0,,강원 철원군 갈말읍 군탄리 산 174-3,127.2881401,38.15477736,6
쁘띠프랑스,경기,가평군,6.0,100.9090909090909,3.363636363636364,0.0,1.3636363636363635,3.1818181818181817,경기 가평군 청평면 호반로 1063,경기 가평군 청평면 고성리 616-2,127.4905368,37.71499518,6
청계천,서울,종로구,1.0,50.869565217391305,4.369565217391305,0.5217391304347826,1.1956521739130437,4.304347826086956,,서울 종로구 서린동 148,126.9786471,37.56914697,6
에버랜드,경기,용인시,6.0,372.1276595744681,4.468085106382978,0.8936170212765957,1.702127659574468,4.51063829787234,경기 용인시 처인구 포곡읍 에버랜드로 199,경기 용인시 처인구 포곡읍 전대리 310,127.2021983,37.29310112,6
이케아 광명점,경기,광명시,4.0,117.0,4.35,0.7,0.95,4.3,경기 광명시 일직로 17,경기 광명시 일직동 500,126.8828668,37.42432794,6
이케아 기흥점,경기,용인시,4.0,137.14285714285714,4.0,0.7142857142857143,1.5714285714285714,3.857142857142857,경기 용인시 기흥구 신고매로 62,경기 용인시 기흥구 고매동 산 41-7,127.115682,37.22224577,6
여의도한강공원,서울,영등포구,1.0,100.3846153846154,4.307692307692308,0.3461538461538461,0.6153846153846154,4.346153846153846,,서울 영등포구 여의도동 85,126.9351293,37.5263886,6
한국민속촌,경기,용인시,6.0,224.34782608695653,4.652173913043479,0.2608695652173913,1.173913043478261,4.652173913043479,경기 용인시 기흥구 민속촌로 90,경기 용인시 기흥구 보라동 107-1,127.1197996,37.25960982,6
롯데월드타워&롯데월드몰,서울,송파구,4.0,94.73684210526316,4.2631578947368425,0.3684210526315789,1.368421052631579,4.052631578947368,서울 송파구 올림픽로 300,서울 송파구 신천동 29,127.1040795,37.51365191,6
현대프리미엄아울렛 스페이스원,경기,남양주시,4.0,57.5,4.5,0.8333333333333334,0.6666666666666666,4.25,경기 남양주시 다산순환로 50,경기 남양주시 다산동 6141,127.1524791,37.61630471,6
롯데몰 김포공항점,서울,강서구,4.0,101.05263157894736,4.105263157894737,0.5789473684210527,0.8421052631578947,4.157894736842105,서울 강서구 하늘길 지하 77,서울 강서구 방화동 886,126.8031482,37.56336618,6
고석정,강원,철원군,2.0,65.0,4.333333333333333,0.1666666666666666,0.8333333333333334,4.333333333333333,강원 철원군 동송읍 태봉로 1825,강원 철원군 동송읍 장흥리 725-13,127.287968,38.18525345,6
노량진수산물도매시장,서울,동작구,4.0,63.333333333333336,4.444444444444445,0.5555555555555556,1.5555555555555556,4.444444444444445,서울 동작구 노들로 674,서울 동작구 노량진동 334,126.9368293,37.51473685,6
석촌호수 동호,서울,송파구,1.0,38.57142857142857,4.333333333333333,0.5714285714285714,1.0476190476190477,4.333333333333333,,서울 송파구 신천동 32,127.1058999,37.51162124,6
비둘기낭폭포,경기,포천시,1.0,43.84615384615385,4.615384615384615,0.0,1.5384615384615383,4.230769230769231,,경기 포천시 영북면 대회산리 415-2,127.2169203,38.07977658,6
잠실종합운동장,서울,송파구,13.0,183.0,4.2,0.7,0.7,4.2,서울 송파구 올림픽로 25,서울 송파구 잠실동 10-1,127.0730249,37.51459062,6
스타필드 하남,경기,하남시,4.0,140.2941176470588,4.588235294117647,0.6764705882352942,1.0,4.441176470588236,경기 하남시 미사대로 750,경기 하남시 신장동 45-5,127.2236912,37.54549307,6
단양구경시장,충북,단양군,4.0,58.76712328767123,4.301369863013699,0.3424657534246575,1.7054794520547945,4.184931506849315,,,126.8828668,37.42432794,6
세미원,경기,양평군,1.0,71.25,4.25,0.25,1.0,3.875,경기 양평군 양서면 양수로 93,경기 양평군 양서면 용담리 430-6,127.3242115,37.54074768,6
이케아 고양점,경기,고양시,4.0,101.25,4.0,0.75,1.5,3.9375,경기 고양시 덕양구 권율대로 420,경기 고양시 덕양구 도내동 1003,126.8631336,37.62976928,6
물의정원,경기,남양주시,1.0,45.0,4.333333333333333,0.3333333333333333,1.5,4.5,경기 남양주시 조안면 북한강로 398,경기 남양주시 조안면 진중리 95,127.3149941,37.55685359,6
신세계백화점 강남점,서울,서초구,4.0,91.36363636363636,4.545454545454546,0.6363636363636364,0.6818181818181818,4.454545454545454,서울 서초구 신반포로 176,서울 서초구 반포동 19-3,127.0043203,37.50530573,6
석촌호수산책길,서울,송파구,7.0,46.0,4.333333333333333,0.3333333333333333,1.2,4.333333333333333,,서울 송파구 송파동,127.1057213,37.51008969,6
두물머리,경기,양평군,1.0,67.5,4.375,0.5625,1.40625,4.1875,,경기 양평군 양서면 양수리,127.3158298,37.53281279,6
실학박물관,경기,남양주시,2.0,46.66666666666666,4.222222222222222,0.1111111111111111,1.2222222222222223,3.888888888888889,경기 남양주시 조안면 다산로747번길 16,경기 남양주시 조안면 능내리 27-1,127.3006672,37.51596944,6
남한산성,경기,광주시,2.0,95.0,4.5,0.1666666666666666,0.8333333333333334,4.166666666666667,경기도 광주시 남한산성면 남한산성로780번길 85,경기 광주시 남한산성면 산성리 산 23,127.1800244,37.4789872,6
영천시장,서울,서대문구,4.0,48.0,4.4,0.2,2.0,4.2,,,126.9626683,37.56970342,6
코스트코 광명점,경기,광명시,4.0,66.0,3.8,0.6,1.6,3.6,경기 광명시 일직로 40,경기 광명시 일직동 163-3,126.8860014,37.42094318,6
롯데월드타워,서울,송파구,6.0,86.08695652173913,4.434782608695652,0.5217391304347826,0.782608695652174,4.260869565217392,서울 송파구 올림픽로 300,서울 송파구 신천동 29,127.1025556,37.51260448,6
인천차이나타운,인천,중구,4.0,64.77272727272727,4.181818181818182,0.4090909090909091,0.9772727272727272,4.068181818181818,,인천 중구 북성동2가 14,126.618632,37.47553646,6
월미도,인천,중구,4.0,73.0,4.266666666666667,0.4333333333333333,0.9666666666666668,4.266666666666667,,인천 중구 북성동1가 산 1,126.5992311,37.47173758,6
롯데몰 수원점,경기,수원시,4.0,114.54545454545456,4.090909090909091,0.4545454545454545,1.0909090909090908,4.363636363636363,경기 수원시 권선구 세화로 134,경기 수원시 권선구 서둔동 296-77,126.9972989,37.26398819,6
트리플스트리트,인천,연수구,4.0,93.0,4.3,0.2,0.7,4.3,인천 연수구 송도과학로16번길 33-3,인천광역시 연수구 송도동,126.6611476,37.3796722,6
타임스퀘어,서울,영등포구,4.0,65.21739130434783,4.217391304347826,0.6521739130434783,1.0869565217391304,4.086956521739131,서울 영등포구 영중로 15,서울 영등포구 영등포동4가 442,126.9030714,37.51710524,6
화담숲,경기,광주시,1.0,158.75,4.333333333333333,0.0833333333333333,1.4166666666666667,4.291666666666667,,경기 광주시 도척면 도웅리 산 33,127.2891631,37.34136724,6
물향기수목원,경기,오산시,1.0,108.0,4.2,0.0,0.6,4.0,경기 오산시 청학로 211,경기 오산시 수청동 332-4,127.0595311,37.1663085,6
갤러리아백화점 광교점,경기,수원시,4.0,62.142857142857146,4.071428571428571,0.4285714285714285,1.1428571428571428,4.071428571428571,경기 수원시 영통구 광교중앙로 124,경기 수원시 영통구 하동 871-1,127.057243,37.28525696,6
롯데백화점 영등포점,서울,영등포구,4.0,42.0,4.4,0.6,0.4,4.4,,,126.907292,37.51601481,6
국립현대미술관 과천관,경기,과천시,3.0,123.0,4.6,0.4,0.3,4.7,경기 과천시 광명로 313,경기 과천시 막계동 산 48-3,127.0200799,37.43128966,6
남산공원 N서울타워,서울,용산구,1.0,89.0625,4.15625,0.53125,0.90625,3.96875,서울 용산구 남산공원길 105,서울 용산구 용산동2가 산 1-3,126.9882306,37.55130497,6
수원화성 팔달문,경기,수원시,2.0,48.75,3.625,0.375,0.375,3.625,경기 수원시 팔달구 정조로 780,경기 수원시 팔달구 팔달로2가 138,127.016733,37.27756213,6
프로방스마을,경기,파주시,7.0,50.0,3.5,0.1666666666666666,0.5,3.1666666666666665,경기 파주시 탄현면 새오리로 77,경기 파주시 탄현면 성동리 82-1,126.6852386,37.79040523,6
더현대서울,서울,영등포구,4.0,121.76470588235294,4.392156862745098,0.3529411764705882,0.8235294117647058,4.196078431372549,서울 영등포구 여의대로 108,서울 영등포구 여의도동 22,126.9284461,37.52587207,6
경복궁,서울,종로구,2.0,73.79310344827586,4.609195402298851,0.6436781609195402,1.2183908045977012,4.35632183908046,서울 종로구 사직로 161,서울 종로구 세종로 1-91,126.9768967,37.57760878,6
송도센트럴파크,인천,연수구,1.0,59.04761904761905,4.587301587301587,0.3968253968253968,0.984126984126984,4.523809523809524,,인천 연수구 송도동 24-5,126.6386297,37.39306396,6
서울숲,서울,성동구,1.0,71.78571428571429,4.482142857142857,0.3571428571428571,1.1071428571428572,4.446428571428571,,서울 성동구 성수동1가 678-1,127.0376178,37.54432223,6
아침고요수목원,경기,가평군,1.0,106.36363636363636,4.636363636363637,0.3636363636363636,1.5454545454545454,4.545454545454546,경기 가평군 상면 수목원로 432,경기 가평군 상면 행현리 623-3,127.3516612,37.74300402,6
동구릉,경기,구리시,2.0,75.0,4.5,0.5,1.3333333333333333,4.333333333333333,경기 구리시 동구릉로 197,경기 구리시 인창동 66,127.1320504,37.61942243,6
난지한강공원,서울,마포구,1.0,240.0,4.875,0.375,1.875,4.75,서울특별시 마포구 한강난지로 162,서울 마포구 상암동 495-72,126.8756078,37.56703991,6
코엑스,서울,강남구,4.0,107.14285714285714,4.464285714285714,0.75,0.75,4.392857142857143,서울 강남구 영동대로 513,서울 강남구 삼성동 159,127.0588278,37.51266138,6
파주프리미엄아울렛,경기,파주시,4.0,150.0,4.555555555555555,0.6666666666666666,1.0,4.444444444444445,경기 파주시 탄현면 필승로 200,경기 파주시 탄현면 법흥리 1790-8,126.6963345,37.76947081,6
망원한강공원,서울,마포구,1.0,57.0,4.2,0.3,0.6,4.0,서울 마포구 마포나루길 467,서울 마포구 망원동 205-4,126.9000276,37.55172455,6
오이도 빨강등대,경기,시흥시,1.0,51.0,3.9,0.5,1.8,3.8,경기 시흥시 오이도로 170,경기 시흥시 정왕동 2043,126.6875106,37.34545535,6
오이도,경기,시흥시,1.0,63.75,4.0,0.5,1.0,4.125,,경기 시흥시 정왕동 1073,126.6935936,37.3429619,6
현대백화점 판교점,경기,성남시,4.0,100.9090909090909,4.227272727272728,0.8181818181818182,1.0909090909090908,4.090909090909091,경기 성남시 분당구 판교역로146번길 20,경기 성남시 분당구 백현동 541,127.1120475,37.39279718,6
일산호수공원,경기,고양시,1.0,70.58823529411765,4.588235294117647,0.5882352941176471,0.8823529411764706,4.588235294117647,경기 고양시 일산동구 호수로 595,경기 고양시 일산동구 장항동 906,126.7641415,37.65613604,6
시흥프리미엄아울렛,경기,시흥시,4.0,124.28571428571428,4.142857142857143,1.0,2.0,4.142857142857143,경기 시흥시 서해안로 699,경기 시흥시 배곧동 36,126.7370807,37.3797815,6
탄도항,경기,안산시,1.0,95.0,4.5,0.0,1.0,4.833333333333333,,경기 안산시 단원구 선감동 717-5,126.6448886,37.19263369,6
일상비일상의틈,서울,강남구,13.0,72.0,4.2,0.4,1.4,4.0,서울 강남구 강남대로 426,서울 강남구 역삼동 815-5,127.0267572,37.50058151,6
스타필드 고양,경기,고양시,4.0,136.07142857142858,4.25,0.5357142857142857,1.8928571428571428,4.25,경기 고양시 덕양구 고양대로 1955,경기 고양시 덕양구 동산동 370,126.8949597,37.64697647,6
수원팔색길 화성성곽길,경기,수원시,2.0,55.0,4.333333333333333,0.3333333333333333,0.0,4.333333333333333,,경기 수원시 장안구 연무동,127.0187965,37.28706778,6
광명동굴,경기,광명시,1.0,86.47058823529412,4.529411764705882,0.1176470588235294,1.1764705882352942,4.235294117647059,,경기 광명시 가학동 34-1,126.8657359,37.42646315,6
LCDC서울,서울,성동구,4.0,30.0,3.6,0.0,0.6,3.4,서울 성동구 연무장17길 10,서울 성동구 성수동2가 275-28,127.061546,37.54173532,6
잠실한강공원,서울,송파구,1.0,64.28571428571429,4.428571428571429,0.5714285714285714,1.5714285714285714,4.571428571428571,,서울 송파구 잠실동 1-1,127.0823578,37.51779926,6
국립현대미술관 서울관,서울,종로구,3.0,71.35135135135135,4.621621621621622,0.4594594594594595,0.6216216216216216,4.405405405405405,서울 종로구 삼청로 30,서울 종로구 소격동 165-10,126.980098,37.57862749,6
화서공원,경기,수원시,2.0,35.0,4.5,0.1666666666666666,0.8333333333333334,4.5,,경기 수원시 팔달구 화서동 26-35,127.0078486,37.28470829,6
명동거리,서울,중구,4.0,66.0,3.8,0.5333333333333333,0.9,3.8,,서울 중구 명동2가,126.9849013,37.56207692,6
신세계백화점 본점,서울,중구,4.0,62.5,3.9166666666666665,0.4166666666666667,1.25,3.9166666666666665,서울 중구 소공로 63,서울 중구 충무로1가 52-5,126.9810896,37.56094832,6
월미테마파크,인천,중구,6.0,80.4,4.12,0.2,1.36,3.8,인천 중구 월미문화로 81,인천 중구 북성동1가 98-580,126.5963341,37.47145021,6
AK플라자 AKTown점,경기,수원시,4.0,115.0,4.5,0.8333333333333334,1.0,4.333333333333333,경기 수원시 팔달구 덕영대로 924,경기 수원시 팔달구 매산로1가 18,127.00069,37.26555243,6
수원화성,경기,수원시,2.0,72.3529411764706,4.470588235294118,0.2352941176470588,1.0588235294117647,4.470588235294118,경기도 수원시 장안구 화서문로 5,경기 수원시 장안구 영화동 320-2,127.0117957,37.28695696,6
광화문광장,서울,종로구,2.0,56.875,4.395833333333333,0.5625,1.0625,4.3125,,서울 종로구 세종로 1-68,126.9769164,37.57260286,6
부평문화의거리,인천,부평구,4.0,65.0,4.166666666666667,0.3333333333333333,0.5,4.166666666666667,인천 부평구 광장로 6,인천 부평구 부평동 224-1,126.7242776,37.49416297,6
흥인지문공원,서울,종로구,1.0,42.0,4.6,0.0,2.0,4.4,서울 종로구 종로 285,서울 종로구 종로6가 65-6,127.0092143,37.57193442,6
이마트 포천점,경기,포천시,4.0,60.0,4.0,0.1428571428571428,1.1428571428571428,4.0,경기 포천시 호국로 915,경기 포천시 설운동 2,127.1603886,37.84776146,6
재인폭포,경기,연천군,1.0,51.42857142857143,4.5,0.2142857142857142,1.8571428571428568,4.428571428571429,,경기 연천군 연천읍 부곡리 193,127.1433186,38.07733438,6
광장시장,서울,종로구,4.0,55.0,3.9791666666666665,0.4166666666666667,0.8541666666666666,3.8958333333333335,서울 종로구 창경궁로 88,서울 종로구 예지동 2-1,126.9989495,37.57002827,6
인천도시역사관,인천,연수구,2.0,47.142857142857146,4.0,0.0,1.5714285714285714,3.2857142857142856,인천 연수구 인천타워대로 238,인천 연수구 송도동 24-7,126.6359511,37.39281247,6
이촌한강공원,서울,용산구,1.0,78.0,3.8,0.0,0.4,4.0,서울 용산구 이촌로72길 62,서울 용산구 이촌동 302-17,126.9705266,37.51724044,6
행리단길,경기,수원시,4.0,52.5,4.375,0.3035714285714285,0.8571428571428571,4.25,,경기 수원시 팔달구 장안동 290-3,127.0141275,37.28545737,6
반포한강공원 달빛광장,서울,서초구,1.0,102.0,4.4,0.4,0.0,4.4,,서울 서초구 반포동 115-5,126.9976293,37.51135513,6
롯데월드,서울,송파구,6.0,368.57142857142856,4.142857142857143,0.6857142857142857,1.6,4.0285714285714285,서울 송파구 올림픽로 240,서울 송파구 잠실동 40-1,127.0981198,37.5111306,6
현대프리미엄아울렛 송도점,인천,연수구,4.0,91.0,4.233333333333333,0.5333333333333333,1.1333333333333333,4.233333333333333,인천 연수구 송도국제대로 123,인천 연수구 송도동 168-1,126.6579049,37.38173782,6
수원시립미술관,경기,수원시,3.0,67.05882352941177,4.529411764705882,0.2352941176470588,0.8235294117647058,4.470588235294118,경기 수원시 팔달구 정조로 833,경기 수원시 팔달구 신풍동 238-1,127.0158771,37.28268556,6
서울공예박물관,서울,종로구,2.0,84.0,4.4,0.0,0.6,4.0,서울 종로구 율곡로3길 4,서울 종로구 안국동 175-112,126.9832909,37.57663679,6
자라섬,경기,가평군,1.0,92.0,4.266666666666667,0.2,1.2666666666666666,4.0,,경기 가평군 가평읍 달전리 30,127.5279467,37.81575236,6
서울어린이대공원 동물원,서울,광진구,6.0,71.25,4.625,0.125,1.375,4.375,,서울 광진구 능동 18,127.0823189,37.5482387,6
숭례문,서울,중구,2.0,46.36363636363637,4.2727272727272725,0.7272727272727273,0.5454545454545454,4.2727272727272725,서울 중구 세종대로 40,서울 중구 남대문로4가 29,126.9753131,37.56000301,6
서울랜드,경기,과천시,6.0,295.0,5.0,0.5,1.8333333333333333,5.0,,경기 과천시 막계동 108,127.0187021,37.43390283,6
방화수류정,경기,수원시,1.0,47.44186046511628,4.488372093023256,0.3023255813953488,0.7209302325581395,4.418604651162791,경기 수원시 팔달구 수원천로392번길 44-6,경기 수원시 팔달구 매향동 151,127.0180738,37.2875058,6
이태원거리,서울,용산구,4.0,92.14285714285714,3.2142857142857144,0.4285714285714285,1.0,2.9285714285714284,,서울 용산구 이태원동 119-23,126.9958092,37.53456131,6
창덕궁,서울,종로구,2.0,74.34782608695652,4.565217391304348,0.2608695652173913,0.5217391304347826,4.521739130434782,서울 종로구 율곡로 99,서울 종로구 와룡동 2-71,126.9909998,37.57965596,6
덕수궁,서울,중구,2.0,59.34782608695652,4.608695652173913,0.4130434782608695,1.0,4.391304347826087,서울 중구 세종대로 99,서울 중구 정동 5-1,126.9748948,37.56556387,6
신포국제시장,인천,중구,4.0,43.125,4.0625,0.34375,0.75,4.03125,인천 중구 우현로49번길 11-5,인천 중구 신포동 3-2,126.6267206,37.47148884,6
벽초지수목원,경기,파주시,1.0,97.5,4.25,0.0833333333333333,1.25,3.75,경기 파주시 광탄면 부흥로 242,경기 파주시 광탄면 창만리 166-8,126.8742585,37.80077004,6
국립중앙박물관,서울,용산구,2.0,136.8,4.76,0.58,0.88,4.64,서울 용산구 서빙고로 137,서울 용산구 용산동6가 168-6,126.9802143,37.524018,6
롯데월드 어드벤처,서울,송파구,6.0,335.0,4.5,0.5,3.5,4.5,서울 송파구 올림픽로 240,서울 송파구 잠실동 40-1,127.0982326,37.51087823,6
동대문종합시장,서울,종로구,4.0,73.33333333333333,3.333333333333333,0.5555555555555556,1.0,4.0,서울 종로구 종로 266,서울 종로구 종로6가 270-3,127.0076181,37.57042086,6
롯데백화점 본점,서울,중구,4.0,68.18181818181819,3.909090909090909,0.5454545454545454,0.7272727272727273,3.909090909090909,서울 중구 남대문로 81,서울 중구 소공동 1,126.9817541,37.5649056,6
수원천,경기,수원시,7.0,30.0,4.333333333333333,0.0,0.5,3.8333333333333335,,,127.0187764,37.27846827,6
수원통닭거리,경기,수원시,4.0,52.5,3.375,0.625,0.875,3.25,,경기 수원시 팔달구 남수동 158-2,127.0177528,37.27952444,6
킨텍스 제2전시장,경기,고양시,3.0,227.1428571428572,4.857142857142857,0.7142857142857143,1.7142857142857142,4.857142857142857,경기 고양시 일산서구 킨텍스로 217-59,경기 고양시 일산서구 대화동 2700,126.7418096,37.66463056,6
운현궁,서울,종로구,1.0,47.142857142857146,4.142857142857143,0.0,0.2857142857142857,3.857142857142857,서울 종로구 삼일대로 464,서울 종로구 운니동 114-10,126.9870856,37.57622641,6
코엑스 아쿠아리움,서울,강남구,6.0,90.0,4.2,0.2,1.6,3.8,서울 강남구 영동대로 513,서울 강남구 삼성동 159,127.0587084,37.51330115,6
국립민속박물관,서울,종로구,2.0,62.30769230769231,4.769230769230769,0.1538461538461538,1.0,4.538461538461538,서울 종로구 사직로 161,서울 종로구 세종로 1-1,126.9790329,37.5817087,6
캐리비안베이,경기,용인시,6.0,350.7692307692308,4.384615384615385,0.6923076923076923,1.5384615384615383,4.384615384615385,경기 용인시 처인구 포곡읍 에버랜드로 199,경기 용인시 처인구 포곡읍 유운리 551-1,127.2009876,37.29710918,6
수원화성 화홍문,경기,수원시,2.0,54.0,4.4,0.3,0.7,4.0,,경기 수원시 팔달구 북수동 9000-1,127.0176261,37.28754551,6
가평잣고을시장,경기,가평군,4.0,85.0,3.8333333333333335,0.0,2.5,3.6666666666666665,경기 가평군 가평읍 장터2길 10,경기 가평군 가평읍 읍내리 405,127.515052,37.82978135,6
동탄호수공원,경기,화성시,1.0,77.14285714285714,4.142857142857143,0.5714285714285714,1.2857142857142858,4.0,,경기 화성시 송동 54-1,127.1045221,37.16783439,6
서울 선릉과 정릉,서울,강남구,2.0,47.142857142857146,4.285714285714286,0.0,0.5714285714285714,4.285714285714286,서울 강남구 선릉로100길 1,서울 강남구 삼성동 131,127.0489285,37.50911053,6
커먼그라운드,서울,광진구,4.0,38.57142857142857,3.857142857142857,0.4285714285714285,1.1428571428571428,4.0,서울 광진구 아차산로 200,서울 광진구 자양동 17-1,127.0656687,37.54105555,6
남대문시장,서울,중구,4.0,57.69230769230769,3.5384615384615383,0.3076923076923077,0.6923076923076923,3.5384615384615383,서울 중구 남대문시장4길 21,서울 중구 남창동 49-1,126.9776268,37.55918176,6
북한강,경기,가평군,13.0,36.0,4.4,0.2,2.0,4.4,,경기 가평군 청평면 삼회리,127.3980671,37.70939816,6
남한산성 행궁,경기,광주시,2.0,56.66666666666666,4.666666666666667,0.1111111111111111,0.7777777777777778,4.666666666666667,,경기 광주시 남한산성면 산성리 935-1,127.1812613,37.47904027,6
현대백화점 신촌점,서울,서대문구,4.0,85.71428571428571,4.0,0.1428571428571428,1.4285714285714286,4.428571428571429,서울 서대문구 신촌로 83,서울 서대문구 창천동 30-33,126.9358165,37.5561535,6
종묘,서울,종로구,2.0,72.85714285714286,4.642857142857143,0.1428571428571428,0.5,4.571428571428571,서울 종로구 종로 157,서울 종로구 훈정동 1-2,126.994213,37.57610804,6
지혜의숲,경기,파주시,3.0,75.0,4.333333333333333,0.5,0.6666666666666666,4.333333333333333,경기 파주시 회동길 145,경기 파주시 문발동 524-3,126.6870602,37.70835383,6
마이랜드,인천,중구,6.0,47.5,3.9166666666666665,0.25,0.5833333333333334,3.8333333333333335,인천 중구 월미로234번길 1,인천 중구 북성동1가 98-333,126.5988934,37.4748395,6
국립고궁박물관,서울,종로구,2.0,61.36363636363637,4.545454545454546,0.2727272727272727,0.9545454545454546,4.454545454545454,서울 종로구 효자로 12,서울 종로구 세종로 1-57,126.9748345,37.57656321,6
창경궁,서울,종로구,2.0,67.77777777777777,4.518518518518518,0.074074074074074,1.037037037037037,4.481481481481482,서울 종로구 창경궁로 185,서울 종로구 와룡동 2-1,126.9951999,37.57941654,6
경의선숲길,서울,마포구,4.0,60.0,4.25,0.375,0.375,4.25,,서울 마포구 동교동 190-1,126.9253385,37.55880348,6
문화역서울284,서울,중구,3.0,42.85714285714285,4.857142857142857,0.1428571428571428,0.4285714285714285,4.428571428571429,서울 중구 통일로 1,서울 중구 봉래동2가 122-28,126.9715888,37.55588281,6
월미공원,인천,중구,1.0,54.0,4.2,0.1,1.1,4.1,,인천 중구 북성동1가 산 2-1,126.6035403,37.47347124,6
북촌한옥마을,서울,종로구,7.0,53.18181818181818,4.045454545454546,0.3181818181818182,0.6363636363636364,3.727272727272727,서울 종로구 북촌로11길 49,서울 종로구 가회동 31-31,126.9833846,37.58291853,6
예스파크,경기,이천시,8.0,96.0,4.4,0.4,0.8,4.4,경기 이천시 신둔면 도자예술로5번길 109,경기 이천시 신둔면 고척리 599-6,127.3856724,37.29308699,6
두타몰,서울,중구,4.0,60.0,3.333333333333333,0.6666666666666666,1.1666666666666667,3.333333333333333,서울 중구 장충단로 275,서울 중구 을지로6가 18-12,127.0087386,37.56901523,6
효원공원 월화원,경기,수원시,1.0,43.333333333333336,4.333333333333333,0.0,0.9444444444444444,4.166666666666667,,경기 수원시 팔달구 인계동 1117,127.0377333,37.26524908,6
솔찬공원,인천,연수구,1.0,70.0,3.6666666666666665,0.1666666666666666,0.8333333333333334,3.6666666666666665,인천 연수구 컨벤시아대로391번길 20,인천 연수구 송도동 12-8,126.6282104,37.37236048,6
IFC몰,서울,영등포구,4.0,54.54545454545455,4.181818181818182,0.4545454545454545,0.6363636363636364,4.2727272727272725,서울 영등포구 국제금융로 10,서울 영등포구 여의도동 23-1,126.9259558,37.52506684,6
리움미술관,서울,용산구,3.0,78.75,4.75,0.125,0.875,4.625,서울 용산구 이태원로55길 60-16,서울 용산구 한남동 742-1,126.9991174,37.53833657,6
정발산,경기,고양시,1.0,30.0,4.666666666666667,0.1666666666666666,0.6666666666666666,4.666666666666667,,경기 고양시 일산동구 마두동 819,126.7794052,37.66346982,6
현대시티아울렛 동대문점,서울,중구,4.0,70.0,4.0,0.5,1.0,4.0,서울 중구 장충단로13길 20,서울 중구 을지로6가 17-2,127.0076972,37.56878104,6
서울역사박물관,서울,종로구,2.0,78.75,4.875,0.25,0.375,4.875,서울 종로구 새문안로 55,서울 종로구 신문로2가 2-1,126.9705464,37.57050032,6
서울어린이대공원,서울,광진구,1.0,90.0,4.444444444444445,0.4444444444444444,1.4444444444444444,4.555555555555555,서울 광진구 능동로 216,서울 광진구 능동 18,127.0802352,37.54997725,6
남산서울타워,서울,용산구,6.0,82.5,5.0,0.6666666666666666,0.75,4.75,,서울 용산구 용산동2가 산 1-3,126.988217,37.55127974,6
잠원한강공원,서울,강남구,1.0,76.36363636363636,4.454545454545454,0.3636363636363636,0.8181818181818182,4.454545454545454,,서울 강남구 압구정동 386,127.0190467,37.52733381,6
청와대 본관,서울,종로구,2.0,70.3125,4.21875,0.0625,1.625,3.84375,서울 종로구 청와대로 1,서울 종로구 세종로 1,126.9748537,37.58657325,6
광화문,서울,종로구,2.0,57.85714285714285,4.571428571428571,0.5714285714285714,0.6428571428571429,4.428571428571429,서울 종로구 사직로 161,서울 종로구 세종로 1-58,126.976861,37.57596897,6
곤지암리조트,경기,광주시,13.0,64.28571428571429,4.428571428571429,0.5714285714285714,2.2857142857142856,4.428571428571429,경기 광주시 도척면 도척윗로 278,경기 광주시 도척면 도웅리 533,127.2940951,37.33798434,6
블루스퀘어,서울,용산구,3.0,210.0,4.4,0.4,0.6,4.2,서울 용산구 이태원로 294,서울 용산구 한남동 727-56,127.0025482,37.54086115,6
망원시장,서울,마포구,4.0,45.0,4.0,0.1,0.7,3.9,,서울 마포구 망원동 403-6,126.9064647,37.55530498,6
월미문화의거리,인천,중구,4.0,78.0,4.2,0.4,1.2,4.2,,인천 중구 북성동1가 98-57,126.5978418,37.47362137,6
장안문,경기,수원시,2.0,36.774193548387096,4.354838709677419,0.3870967741935484,0.6774193548387096,4.225806451612903,경기 수원시 팔달구 정조로 910,경기 수원시 팔달구 장안동 329,127.0142432,37.28886148,6
통인시장,서울,종로구,4.0,42.0,4.1,0.2,0.7,3.9,서울 종로구 자하문로15길 16,,126.9700261,37.58077513,6
하늘공원,서울,마포구,1.0,113.33333333333331,4.777777777777778,0.5555555555555556,1.3333333333333333,4.555555555555555,,서울 마포구 상암동 481-72,126.8868838,37.5685397,6
임진강댑싸리공원,경기,연천군,1.0,48.0,5.0,0.2,1.8,4.6,,경기 연천군 중면 삼곶리 422,127.0170948,38.1312483,6
아이파크몰,서울,용산구,4.0,126.0,4.6,0.5,1.3,4.7,서울 용산구 한강대로23길 55,서울 용산구 한강로3가 40-999,126.9645328,37.52881668,6
흥인지문,서울,종로구,2.0,60.0,4.25,0.375,1.875,4.0,서울 종로구 종로 288,서울 종로구 종로6가 69,127.0095719,37.57114151,6
천주교서울대교구 주교좌 명동대성당,서울,중구,2.0,46.15384615384615,4.615384615384615,0.3076923076923077,0.7692307692307693,4.307692307692308,서울 중구 명동길 74,서울 중구 명동2가 1-1,126.9873561,37.56318453,6
서울식물원,서울,강서구,6.0,81.42857142857143,4.571428571428571,0.1428571428571428,0.5714285714285714,4.285714285714286,서울 강서구 마곡동로 161,서울 강서구 마곡동 727-256,126.8350372,37.56939585,6
현대백화점 압구정본점,서울,강남구,4.0,66.0,4.0,0.6,1.4,4.0,서울 강남구 압구정로 165,서울 강남구 압구정동 429,127.0274705,37.5273718,6
방아머리해수욕장,경기,안산시,1.0,86.25,4.125,0.375,4.875,3.625,,경기 안산시 단원구 대부북동,126.5767674,37.28915268,6
송월동동화마을,인천,중구,7.0,36.0,3.8,0.4,2.0,3.4,,인천 중구 송월동3가 17,126.6203491,37.47801795,6
용연,경기,수원시,1.0,36.0,4.8,0.6,1.2,4.8,,,127.0183862,37.28788599,6
자유공원,인천,중구,1.0,38.57142857142857,4.428571428571429,0.5714285714285714,0.8571428571428571,3.857142857142857,인천 중구 자유공원남로 25,인천 중구 송학동1가 11-1,126.6219706,37.47550304,6
인천대공원,인천,남동구,1.0,97.5,4.583333333333333,0.5,0.6666666666666666,4.583333333333333,인천 남동구 무네미로 236,인천 남동구 장수동 753,126.7601726,37.4577613,6
신세계백화점 타임스퀘어점,서울,영등포구,4.0,70.0,4.0,0.5,0.6666666666666666,3.6666666666666665,서울 영등포구 영중로 9,서울 영등포구 영등포동4가 434-5,126.9056107,37.51718208,6
인사동 문화의거리,서울,종로구,4.0,37.5,4.25,0.5833333333333334,0.6666666666666666,3.75,서울 종로구 인사동10길 11-4,서울 종로구 관훈동 30-1,126.9855916,37.57454678,6
교보문고 광화문점,서울,종로구,3.0,50.0,4.25,0.3333333333333333,0.5,4.083333333333333,서울 종로구 종로 1,서울 종로구 세종로 119,126.9779086,37.57079746,6
서울스카이,서울,송파구,3.0,138.75,4.375,0.0,2.375,3.875,서울 송파구 올림픽로 300,서울 송파구 신천동 29,127.1025444,37.51267296,6
분당중앙공원,경기,성남시,1.0,57.0,3.7,0.5,0.5,4.0,,경기 성남시 분당구 수내동 65,127.1244309,37.37759355,6
감고당길,서울,종로구,2.0,40.0,3.6666666666666665,0.1666666666666666,1.0,3.6666666666666665,,서울 종로구 송현동 34-2,126.982317,37.57798093,6
마로니에공원,서울,종로구,1.0,63.0,4.1,0.6,0.9,4.05,서울 종로구 대학로 104,서울 종로구 동숭동 1-124,127.0028257,37.58028876,6
서울월드컵경기장,서울,마포구,5.0,252.0,4.6,0.4,0.8,4.4,서울 마포구 월드컵로 240,서울 마포구 성산동 515,126.8972325,37.56815993,6
반포한강공원,서울,서초구,1.0,117.27272727272728,4.636363636363637,0.3636363636363636,1.5454545454545454,4.636363636363637,서울 서초구 신반포로11길 40,서울 서초구 반포2동 115-5,126.9946298,37.50970079,6
봉은사,서울,강남구,2.0,45.0,3.625,0.0,0.25,3.5,서울 강남구 봉은사로 531,서울 강남구 삼성동 73,127.057665,37.51546408,6
잠실종합운동장 잠실야구장,서울,송파구,5.0,215.0,4.5,0.6666666666666666,2.0,4.333333333333333,서울 송파구 올림픽로 25,서울 송파구 잠실동 10-1,127.0719095,37.51215138,6
마장호수,경기,파주시,1.0,67.5,4.583333333333333,0.25,1.25,4.333333333333333,,경기 파주시 광탄면 기산리 451-2,126.9302204,37.77494176,6
임진각 평화누리,경기,파주시,6.0,70.58823529411765,4.411764705882353,0.2352941176470588,1.1176470588235294,4.411764705882353,경기 파주시 문산읍 임진각로 177,경기 파주시 문산읍 마정리 1316,126.7429874,37.89178708,6
석파정,서울,종로구,2.0,65.0,4.833333333333333,0.0,0.1666666666666666,4.166666666666667,서울 종로구 창의문로11길 4-1,서울 종로구 부암동 201,126.9626511,37.59502313,6
제물포구락부,인천,중구,2.0,30.0,4.0,0.0,0.8333333333333334,3.5,인천 중구 자유공원남로 25,인천 중구 송학동1가 11-1,126.6225221,37.47463623,6
송도달빛축제공원,인천,연수구,8.0,188.57142857142856,4.428571428571429,0.0,3.7142857142857135,4.0,인천 연수구 센트럴로 350,인천 연수구 송도동 26-1,126.6348965,37.40721827,6
안양중앙시장,경기,안양시,4.0,64.28571428571429,4.428571428571429,0.4285714285714285,1.1428571428571428,4.285714285714286,경기 안양시 만안구 안양로291번길 34,경기 안양시 만안구 안양동 676-45,126.9199961,37.39787974,6
인천아트플랫폼,인천,중구,3.0,51.81818181818182,4.090909090909091,0.1818181818181818,0.4545454545454545,4.0,인천 중구 제물량로218번길 3,인천 중구 해안동1가 2-8,126.6202583,37.47251342,6
청와대 정문,서울,종로구,2.0,65.0,4.5,0.1666666666666666,2.5,4.0,,서울 종로구 세종로 1,126.9752405,37.5843677,6
안양예술공원,경기,안양시,1.0,64.28571428571429,4.0,0.4285714285714285,1.4285714285714286,4.142857142857143,경기 안양시 만안구 예술공원로 131,경기 안양시 만안구 석수동 240-17,126.9197703,37.41906076,6
백남준아트센터,경기,용인시,3.0,75.0,4.333333333333333,0.0,1.3333333333333333,4.333333333333333,경기 용인시 기흥구 백남준로 10,경기 용인시 기흥구 상갈동 496,127.1103669,37.26922589,6
현대백화점 무역센터점,서울,강남구,4.0,63.0,4.3,0.4,1.1,4.3,서울 강남구 테헤란로 517,서울 강남구 삼성동 159-7,127.0597748,37.50865144,6
열린송현녹지광장,서울,종로구,3.0,38.18181818181818,4.0,0.1818181818181818,0.3636363636363636,4.0,,서울 종로구 송현동 48-9,126.9817151,37.57656808,6
고모저수지,경기,포천시,7.0,55.0,4.166666666666667,0.5,1.8333333333333333,4.5,경기도 포천시 소흘읍 고모루성길 283,경기 포천시 소흘읍 고모리,127.163311,37.79834182,6
그라운드시소 성수,서울,성동구,3.0,98.57142857142856,4.428571428571429,0.1428571428571428,0.4285714285714285,4.285714285714286,서울 성동구 아차산로17길 49,서울 성동구 성수동2가 280-9,127.0652799,37.5467681,6
헤이리예술마을,경기,파주시,7.0,115.0,4.25,0.5,0.8333333333333334,4.333333333333333,,경기 파주시 탄현면 법흥리 1652-239,126.6989531,37.78817425,6
그라운드시소 서촌,서울,종로구,3.0,66.0,4.2,0.0,0.2,4.2,서울 종로구 자하문로6길 18-8,서울 종로구 통의동 35-17,126.9729163,37.57783859,6
덕수궁돌담길,서울,중구,7.0,40.0,3.888888888888889,0.4444444444444444,1.6666666666666667,3.7777777777777777,서울 중구 세종대로 지하 101,서울 중구 정동 5-1,126.9756646,37.56497658,6
조계사,서울,종로구,2.0,32.0,4.533333333333333,0.2,1.0666666666666669,4.4,서울 종로구 우정국로 55,서울 종로구 수송동 44,126.9818561,37.57395882,6
롯데백화점 중동점,경기,부천시,4.0,42.0,3.8,0.4,0.6,4.0,경기 부천시 길주로 300,경기 부천시 중동 1140,126.7752042,37.50256911,6
짜장면박물관,인천,중구,2.0,40.90909090909091,4.090909090909091,0.0909090909090909,1.0909090909090908,3.636363636363636,인천 중구 차이나타운로 56-14,인천 중구 선린동 38-1,126.618189,37.47483495,6
용산가족공원,서울,용산구,1.0,42.85714285714285,4.428571428571429,0.0,0.4285714285714285,4.714285714285714,서울 용산구 서빙고로 137,서울 용산구 용산동6가 168-6,126.9828336,37.52186592,6
와우정사,경기,용인시,2.0,84.0,3.6,0.2,2.4,3.8,경기도 용인시 처인구 해곡로 25-15,경기 용인시 처인구 해곡동 224-1,127.2767813,37.19417253,6
노들섬,서울,용산구,1.0,105.0,4.666666666666667,0.1666666666666666,0.8333333333333334,4.833333333333333,서울 용산구 양녕로 445,서울 용산구 이촌동 302-146,126.9580339,37.51766014,6
일본풍거리,인천,중구,4.0,50.0,3.1666666666666665,0.1666666666666666,0.8333333333333334,3.1666666666666665,,인천 중구 관동1가 24,126.6206161,37.47374714,6
홍대패션거리,서울,마포구,4.0,98.57142857142856,4.285714285714286,0.8571428571428571,1.4285714285714286,4.142857142857143,,서울 마포구 서교동 348-78,126.9235809,37.55539659,6
카자구루마,경기,수원시,2.0,54.0,3.0,0.0,0.6,3.0,경기 수원시 팔달구 신풍로23번길 61,경기 수원시 팔달구 신풍동 123-13,127.0115472,37.28371685,6
서대문형무소역사관,서울,서대문구,2.0,93.33333333333331,4.666666666666667,0.1111111111111111,2.6666666666666665,4.333333333333333,서울 서대문구 통일로 251,서울 서대문구 현저동 101,126.9563153,37.57450354,6
소요산,경기,동두천시,1.0,102.0,4.0,0.4,2.0,4.0,,경기 동두천시 동두천동,127.0780472,37.9385232,6
을왕리해수욕장,인천,중구,1.0,113.33333333333331,3.888888888888889,0.5555555555555556,2.0,3.888888888888889,,인천 중구 을왕동 746,126.372737,37.446292,6
앨리웨이 광교,경기,수원시,4.0,66.0,4.4,0.6,0.6,4.2,경기 수원시 영통구 광교호수공원로 80,경기 수원시 영통구 원천동 593,127.0605179,37.27408334,6
코마린 이스트보트하우스 송도지점,인천,연수구,5.0,55.0,4.666666666666667,0.3333333333333333,2.1666666666666665,4.5,인천 연수구 컨벤시아대로 160,인천 연수구 송도동 24-5,126.6435695,37.39036328,6
호암미술관,경기,용인시,3.0,96.0,5.0,0.4,1.0,5.0,경기 용인시 처인구 포곡읍 에버랜드로562번길 38,경기 용인시 처인구 포곡읍 가실리 204,127.1916289,37.29454414,6
에버랜드 정문,경기,용인시,6.0,45.0,4.5,0.8333333333333334,2.5,4.5,경기 용인시 처인구 포곡읍 에버랜드로 199,경기 용인시 처인구 포곡읍 유운리 551-11,127.2044017,37.29508862,6
익선동한옥거리,서울,종로구,4.0,40.0,4.111111111111111,0.4444444444444444,0.3333333333333333,4.0,,서울 종로구 익선동,126.9897757,37.57343719,6
스타필드 코엑스몰,서울,강남구,4.0,103.84615384615384,4.461538461538462,0.6923076923076923,0.9230769230769232,4.576923076923077,서울 강남구 영동대로 513,서울 강남구 삼성동 159-9,127.0597769,37.51131841,6
한탄강하늘다리,경기,포천시,1.0,30.0,4.6,0.0,1.2,4.6,,경기 포천시 영북면 대회산리 377,127.2191422,38.0841392,6
세종문화회관 대극장,서울,종로구,3.0,245.0,3.8333333333333335,0.5,1.5,4.0,서울 종로구 세종대로 175,서울 종로구 세종로 81-4,126.9760696,37.57286218,6
파주출판도시,경기,파주시,3.0,84.0,4.6,0.2,0.8,4.6,경기 파주시 회동길 145,경기 파주시 문발동 524-3,126.6866399,37.7090807,6
반포 한강공원,서울,서초구,8.0,131.25,4.75,0.5,0.875,4.5,서울특별시 종로구 사직로 161,,126.9768967,37.57760878,6
행궁동벽화마을,경기,수원시,7.0,33.333333333333336,3.555555555555556,0.0,0.4444444444444444,3.333333333333333,,경기 수원시 팔달구 북수동,127.0169243,37.28598321,6
현대백화점 디큐브시티점,서울,구로구,4.0,78.0,3.8,0.2,0.6,3.8,서울 구로구 경인로 662,서울 구로구 신도림동 692,126.8895806,37.5091042,6
서울광장,서울,중구,8.0,42.0,4.2,0.4,0.8,4.0,,서울 중구 태평로1가 54-3,126.9779689,37.5656726,6
설봉공원,경기,이천시,1.0,40.0,4.333333333333333,0.1111111111111111,1.3333333333333333,4.333333333333333,,경기 이천시 관고동 408-3,127.4280743,37.27667579,6
홍대앞걷고싶은거리,서울,마포구,4.0,54.0,4.4,0.8,0.8,4.4,,서울 마포구 서교동 348-40,126.9242639,37.55594123,6
수원화성 서장대,경기,수원시,2.0,30.0,4.4,0.4,0.4,4.2,,경기 수원시 팔달구 남창동 55-23,127.0102612,37.28075435,6
낙산공원,서울,종로구,7.0,48.46153846153846,4.615384615384615,0.2307692307692307,0.6153846153846154,4.153846153846154,서울 종로구 낙산길 41,서울 종로구 동숭동 산 2-10,127.0075218,37.58056967,6
라페스타,경기,고양시,8.0,48.0,4.0,0.4,1.6,4.0,경기 고양시 일산동구 무궁화로 32-12,경기 고양시 일산동구 장항동 763-3,126.7682764,37.66174743,6
미사호수공원,경기,하남시,1.0,54.0,4.6,0.2,0.6,4.8,,경기 하남시 망월동 776-3,127.1881764,37.56165132,6
인왕산,서울,종로구,7.0,85.0,4.333333333333333,0.1666666666666666,0.3333333333333333,4.5,,서울 종로구 옥인동 산 3-39,126.9578444,37.58489976,6
여의도공원,서울,영등포구,1.0,38.57142857142857,4.142857142857143,0.2857142857142857,0.4285714285714285,4.0,서울 영등포구 여의공원로 68 여의도공원관리사무소,,126.9223482,37.52613492,6
인천종합어시장,인천,중구,4.0,41.25,4.125,0.125,1.5,4.125,인천 중구 연안부두로33번길 37,인천 중구 항동7가 27-69,126.6065583,37.45412771,6
창덕궁 후원,서울,종로구,1.0,98.57142857142856,4.857142857142857,0.1428571428571428,0.7142857142857143,4.714285714285714,서울 종로구 율곡로 99,서울 종로구 와룡동 2-71,126.9916177,37.5818274,6
예술의전당,서울,서초구,3.0,95.0,4.5,0.1666666666666666,0.8333333333333334,4.5,서울 서초구 남부순환로 2406,서울 서초구 서초동 700,127.0117287,37.47919584,6
108하늘계단,서울,용산구,7.0,78.0,4.8,0.2,0.8,3.8,,서울 용산구 후암동,126.9818899,37.54644598,6
현대백화점 킨텍스점,경기,고양시,4.0,115.0,4.0,0.8333333333333334,1.1666666666666667,4.166666666666667,경기 고양시 일산서구 호수로 817,경기 고양시 일산서구 대화동 2602,126.7511811,37.66818614,6
지동시장,경기,수원시,4.0,35.0,3.8333333333333335,0.0,0.8333333333333334,3.5,경기 수원시 팔달구 팔달문로 19,경기 수원시 팔달구 지동 402-2,127.0193941,37.27779419,6
롯데백화점 동탄점,경기,화성시,4.0,116.66666666666669,4.444444444444445,0.5555555555555556,1.0,4.333333333333333,경기 화성시 동탄역로 160,경기 화성시 오산동 967-2419,127.0979193,37.20070867,6
철도박물관,경기,의왕시,2.0,55.71428571428572,3.571428571428572,0.0,1.2857142857142858,3.4285714285714284,경기 의왕시 철도박물관로 142,경기 의왕시 월암동 374-1,126.951311,37.31408675,6
선유도공원,서울,영등포구,7.0,54.0,4.6,0.2,0.6,4.6,서울 영등포구 선유로 343,서울 영등포구 당산동 1,126.9018234,37.54241694,6
세종문화회관,서울,종로구,3.0,114.0,4.6,0.2,0.6,4.4,서울 종로구 세종대로 175,서울 종로구 세종로 81-3,126.975721,37.57262064,6
인천개항장 근대건축전시관,인천,중구,3.0,41.25,4.0,0.25,0.375,4.0,인천 중구 신포로23번길 77,인천 중구 중앙동2가 24-1,126.621165,37.47294521,6
화성융릉과건릉,경기,화성시,2.0,66.0,4.4,0.2,0.8,4.6,경기 화성시 효행로481번길 21,경기 화성시 안녕동 187-1,126.9909693,37.2117236,6
동춘서커스 상설공연장,경기,안산시,3.0,96.0,4.6,0.2,2.0,4.4,경기 안산시 단원구 대부황금로 1426,경기 안산시 단원구 대부북동 1849-31,126.5698347,37.28350345,6
킨텍스 제1전시장,경기,고양시,3.0,120.0,4.285714285714286,0.5714285714285714,1.0,4.142857142857143,경기 고양시 일산서구 킨텍스로 217-60,경기 고양시 일산서구 대화동 2600,126.7462764,37.66894152,6
에델바이스 스위스 테마파크,경기,가평군,6.0,120.0,4.2,0.0,1.4,3.2,경기 가평군 설악면 다락재로 226-57,경기 가평군 설악면 이천리 304-31,127.4474799,37.66778896,6
대한민국역사박물관,서울,종로구,2.0,63.75,4.0,0.375,0.625,3.625,서울 종로구 세종대로 198,서울 종로구 세종로 82-1,126.9778578,37.57398697,6
롯데월드 샤롯데씨어터,서울,송파구,6.0,252.8571428571429,5.0,0.5714285714285714,0.8571428571428571,5.0,서울 송파구 올림픽로 240,서울 송파구 잠실동 40-1,127.099714,37.51064272,6
고척스카이돔,서울,구로구,3.0,257.5,4.916666666666667,0.5833333333333334,0.6666666666666666,4.916666666666667,서울 구로구 경인로 430,서울 구로구 고척동 63-6,126.8671048,37.49823385,6
교동대룡시장,인천,강화군,4.0,76.66666666666667,3.888888888888889,0.0,0.7777777777777778,3.555555555555556,인천 강화군 교동면 교동남로 35,인천 강화군 교동면 대룡리 571-5,126.2810514,37.78049119,6
국립수목원,경기,포천시,1.0,120.0,4.8,0.2,1.6,4.4,경기 포천시 소흘읍 광릉수목원로 415,경기 포천시 소흘읍 직동리 산 50-18,127.166094,37.75525028,6
인천상륙작전기념관,인천,연수구,2.0,42.0,3.8,0.0,1.8,3.6,인천 연수구 청량로 138,인천 연수구 옥련동 525-11,126.6540104,37.41987014,6
현대카드 디자인 라이브러리,서울,종로구,3.0,66.0,4.2,0.0,0.6,3.8,서울 종로구 북촌로 31-18,서울 종로구 가회동 129-1,126.9839921,37.57975432,6
롯데아울렛 서울역점,서울,용산구,4.0,42.0,3.2,1.0,1.4,3.6,서울 중구 한강대로 405,서울 중구 봉래동2가 122-11,126.9709555,37.55476001,6
소래습지생태공원,인천,남동구,1.0,66.0,3.6,0.0,0.6,3.8,,인천 남동구 논현동 1-55,126.7473723,37.41241003,6
동묘시장,서울,종로구,4.0,51.81818181818182,4.090909090909091,0.2727272727272727,1.3636363636363635,4.181818181818182,,서울 종로구 숭인동 239-9,127.0180892,37.57260013,6
백범광장,서울,중구,7.0,72.0,4.8,0.0,0.2,4.8,,서울 중구 회현동1가 100-115,126.9792487,37.55482844,6
송도센트럴파크 이스트보트하우스,인천,연수구,5.0,45.0,4.666666666666667,0.0,1.6666666666666667,3.8333333333333335,인천 연수구 컨벤시아대로 160,인천 연수구 송도동 24-5,126.6435921,37.39037056,6
한국잡월드,경기,성남시,13.0,270.0,4.333333333333333,0.1666666666666666,1.6666666666666667,4.166666666666667,경기 성남시 분당구 분당수서로 501,경기 성남시 분당구 정자동 4-6,127.106286,37.37848344,6
곤지암 리조트 생태하천,경기,광주시,1.0,66.0,5.0,0.6,4.0,5.0,경기 광주시 도척면 도척윗로 278,경기 광주시 도척면 도웅리 534,127.2968268,37.33706477,6
행주산성,경기,고양시,2.0,95.0,4.0,0.3333333333333333,1.5,3.6666666666666665,경기 고양시 덕양구 행주로15번길 89,경기 고양시 덕양구 행주내동 65-3,126.8287096,37.59610126,6
대불호텔 전시관,인천,중구,3.0,39.0,3.8,0.0,0.7,3.6,인천 중구 신포로23번길 101,인천 중구 중앙동1가 18,126.6199726,37.47356487,6
SETEC,서울,강남구,3.0,96.0,3.6,0.0,1.4,3.4,서울 강남구 남부순환로 3104,서울 강남구 대치동 514,127.072197,37.49590067,6
서울미술관 본관,서울,종로구,3.0,72.0,4.8,0.0,0.6,4.6,서울 종로구 자하문로 231,서울 종로구 부암동 202-4,126.9632266,37.59457642,6
롯데백화점 인천점,인천,미추홀구,4.0,100.0,4.222222222222222,0.4444444444444444,0.4444444444444444,4.111111111111111,인천 미추홀구 연남로 35,인천 미추홀구 관교동 15,126.7015224,37.44240695,6
가든파이브,서울,송파구,4.0,78.0,4.2,0.8,0.2,4.6,서울 송파구 충민로 66,서울 송파구 문정동 634,127.1246444,37.47782241,6
초지진,인천,강화군,2.0,30.0,3.5,0.125,1.875,2.875,인천 강화군 길상면 해안동로 58,인천 강화군 길상면 초지리 624-1,126.5323079,37.63252025,6
연미정,인천,강화군,2.0,42.0,4.3,0.0,1.0,4.1,,인천 강화군 강화읍 월곳리 242,126.5119154,37.77094871,6
강화루지,인천,강화군,5.0,105.0,4.166666666666667,0.1666666666666666,2.1666666666666665,3.5,,인천 강화군 길상면 선두리 산 281-2,126.498241,37.61377329,6
민머루해수욕장,인천,강화군,1.0,90.0,3.75,0.25,1.9166666666666667,3.583333333333333,인천 강화군 삼산면 어류정길212번길 7-12,인천 강화군 삼산면 매음리 871-2,126.3334228,37.65128826,6
강화씨사이드리조트,인천,강화군,5.0,84.0,4.2,0.0,1.4,4.2,인천 강화군 길상면 장흥로 217,인천 강화군 길상면 선두리 산 343-2,126.498094,37.61711169,6
고려궁지,인천,강화군,2.0,31.666666666666668,4.0,0.1666666666666666,1.2222222222222223,3.8333333333333335,인천 강화군 강화읍 북문길 42,인천 강화군 강화읍 관청리 743-1,126.4850253,37.75125827,6
강화광성보,인천,강화군,2.0,47.5,3.9166666666666665,0.0833333333333333,0.8333333333333334,3.583333333333333,인천 강화군 불은면 해안동로466번길 27,인천 강화군 불은면 덕성리 27,126.5298093,37.66514005,6
하나개해수욕장,인천,중구,1.0,66.0,3.8,0.2,1.0,3.4,인천 중구 하나개로 150,인천 중구 무의동 산 189,126.4098518,37.3848327,6
보문사,인천,강화군,2.0,60.0,4.225806451612903,0.1290322580645161,1.6129032258064515,4.129032258064516,인천 강화군 삼산면 삼산남로828번길 44,인천 강화군 삼산면 매음리 629,126.3214866,37.68881563,6
강화역사박물관,인천,강화군,2.0,60.0,4.3,0.1,1.9,3.8,인천 강화군 하점면 강화대로 994-19,인천 강화군 하점면 부근리 350-4,126.4355457,37.77381594,6
조양방직,인천,강화군,13.0,60.0,4.4,0.0,1.4,4.4,인천 강화군 강화읍 향나무길5번길 12,인천 강화군 강화읍 신문리 587,126.480346,37.74701224,6
석모도미네랄온천,인천,강화군,6.0,120.0,4.0,0.0,1.0,4.333333333333333,인천 강화군 삼산면 삼산남로 865-17,인천 강화군 삼산면 매음리 645-27,126.3127183,37.68550158,6
대한성공회 강화성당,인천,강화군,2.0,34.285714285714285,4.142857142857143,0.0,1.1428571428571428,4.0,인천 강화군 강화읍 관청길27번길 10,인천 강화군 강화읍 관청리 422,126.4863004,37.74867268,6
강화풍물시장,인천,강화군,4.0,43.63636363636363,3.727272727272727,0.1818181818181818,0.8181818181818182,3.727272727272727,인천 강화군 강화읍 중앙로 17-9,인천 강화군 강화읍 갑곳리 849,126.4929016,37.74172784,6
왕산해수욕장,인천,중구,1.0,50.0,3.6666666666666665,0.0,1.6666666666666667,3.333333333333333,,인천광역시 중구 을왕동,126.3683655,37.4559542,6
에코랜드 테마파크,제주특별자치도,제주시,6.0,145.0,4.733333333333333,0.2333333333333333,2.566666666666667,4.566666666666666,,,126.8028655,37.55894903,6
파라다이스시티 씨메르,인천,중구,6.0,204.0,4.4,0.2,2.0,4.4,,인천 중구 운서동 2874,126.4571517,37.43558247,6
십리포해수욕장,인천,옹진군,1.0,52.5,4.25,0.125,1.125,4.25,인천 옹진군 영흥면 영흥북로 420-26,인천 옹진군 영흥면 내리 산 91,126.4852433,37.28159261,6
마니산,인천,강화군,1.0,141.42857142857142,4.285714285714286,0.7142857142857143,0.4285714285714285,4.285714285714286,,인천 강화군 화도면 문산리 산 55,126.4296812,37.61554131,6
강화고인돌공원,인천,강화군,1.0,43.333333333333336,4.444444444444445,0.2222222222222222,2.0,4.111111111111111,인천 강화군 하점면 강화대로 994-12,인천 강화군 하점면 부근리 322,126.4373085,37.77349912,6
강화자연사박물관,인천,강화군,2.0,48.0,4.4,0.2,1.0,4.0,인천 강화군 하점면 강화대로 994-33,인천 강화군 하점면 부근리,126.4346889,37.7745353,6
강화도 외포항젓갈수산시장,인천,강화군,4.0,35.0,4.0,0.1666666666666666,2.0,4.0,인천 강화군 내가면 해안서로 899-2,인천 강화군 내가면 외포리 547-77,126.3784771,37.70080986,6
장화리 일몰조망지,인천,강화군,1.0,40.0,4.0,0.0,0.8333333333333334,3.8333333333333335,,인천 강화군 화도면 장화리 1351,126.3776966,37.6177545,6
강화산성 남문,인천,강화군,2.0,50.0,3.5,0.1666666666666666,1.3333333333333333,3.333333333333333,,인천 강화군 강화읍 남산리,126.486933,37.74382106,6
대룡시장,인천,강화군,4.0,54.0,3.9,0.2,1.6,3.6,,인천 강화군 교동면 대룡리 1103-11,126.2793009,37.7829581,6
용궁사,인천,중구,2.0,42.0,4.2,0.0,0.6,4.2,인천 중구 운남로 199-1,인천 중구 운남동 667,126.5279709,37.49695019,6
예단포둘레길,인천,중구,7.0,60.0,3.8,0.0,0.6,3.8,인천 중구 예단포1로 2-10,인천 중구 운북동 1264-1,126.502436,37.53144992,6
미스터오션펜션,충남,태안군,1.0,85.5,4.35,0.2,1.3,4.1,인천 옹진군 영흥면 선재로265번길 51,인천 옹진군 영흥면 선재리 607-4,126.5184071,37.25065375,6
갯벌놀이펜션,제주특별자치도,서귀포시,1.0,172.0,3.933333333333333,0.2,1.8,3.8,경기 안산시 단원구 지수물길 72,경기 안산시 단원구 대부북동 1627-6,126.5628469,37.25871113,6
동궁과 월지,경북,경주시,8.0,53.52272727272727,4.613636363636363,0.375,1.181818181818182,4.477272727272728,,,126.6191027,37.47656782,6
국립어린이과학관,서울,종로구,3.0,90.0,4.6,0.2,2.4,4.6,서울 종로구 창경궁로 215,서울 종로구 와룡동 2-70,126.9970338,37.58193578,6
한탄강 하늘다리,경기,포천시,1.0,45.0,4.333333333333333,0.0,2.1666666666666665,4.166666666666667,,경기 포천시 영북면 대회산리 377,127.2179088,38.084388,6
익선동 한옥거리,서울,종로구,4.0,72.85714285714286,4.285714285714286,0.5714285714285714,0.7142857142857143,4.142857142857143,,서울 종로구 익선동,126.9897757,37.5734372,6
천주교 서울 대교구 주교좌 명동 대성당,서울,중구,2.0,36.0,4.0,0.3,0.4,3.6,서울 중구 명동길 74,서울 중구 명동2가 1-1,126.9873561,37.5631845,6
롯데 프리미엄 아울렛 파주점,경기,파주시,4.0,68.57142857142857,4.214285714285714,0.5714285714285714,1.3571428571428572,4.285714285714286,경기 파주시 문발로 284,경기 파주시 문발동 644,126.6926426,37.7181152,6
제이드가든 수목원,강원특별자치도,춘천시,6.0,68.57142857142857,4.142857142857143,0.0,1.5714285714285714,3.571428571428572,강원특별자치도 춘천시 남산면 햇골길 80,강원특별자치도 춘천시 남산면 서천리 412,127.5419523,37.8328806,6
남이섬 가평 선착장,경기,가평군,1.0,48.0,4.2,0.2,2.2,4.2,경기 가평군 가평읍 북한강변로 1024,경기 가평군 가평읍 달전리 144-11,127.5258939,37.8042979,6
시흥 프리미엄 아울렛,경기,시흥시,4.0,113.33333333333331,4.111111111111111,0.6666666666666666,1.6666666666666667,4.111111111111111,경기 시흥시 서해안로 699,경기 시흥시 배곧동 36,126.7370807,37.3797815,6
아이파크몰 용산점,서울,용산구,4.0,81.6,4.44,0.68,0.84,4.4,서울 용산구 한강대로23길 55,서울 용산구 한강로3가 40-999,126.9645328,37.5288167,6
전곡선사 박물관,경기,연천군,2.0,60.0,5.0,0.5,2.333333333333333,4.666666666666667,경기 연천군 전곡읍 평화로443번길 2,경기 연천군 전곡읍 전곡리 170-2,127.0641094,38.0116045,6
을왕리 해수욕장,인천,중구,1.0,82.5,3.8125,0.5,1.5,3.9375,,인천 중구 을왕동 746,126.372737,37.446292,6
수원 화성 화서문,경기,수원시,2.0,45.0,4.666666666666667,0.1666666666666666,0.5,4.166666666666667,,경기 수원시 팔달구 장안동 331,127.0096641,37.285556,6
오레오 팝업스토어,서울,성동구,8.0,42.0,4.6,0.0,1.2,3.6,서울 성동구 성수이로18길 6-1,서울 성동구 성수동2가 273-48,127.0577264,37.5423058,6
롯데 프리미엄 아울렛 이천점,경기,이천시,4.0,94.28571428571428,3.571428571428572,0.4285714285714285,0.8571428571428571,3.571428571428572,경기 이천시 호법면 프리미엄아울렛로 177-74,경기 이천시 호법면 단천리 864,127.4004753,37.2423555,6
한국만화 박물관,경기,부천시,3.0,120.0,4.714285714285714,0.1428571428571428,1.0,4.428571428571429,경기 부천시 길주로 1,경기 부천시 상동 529-36,126.7421398,37.5086302,6
AK플라자 수원,경기,수원시,4.0,52.5,4.166666666666667,0.5833333333333334,1.1666666666666667,4.0,경기 수원시 팔달구 덕영대로 924,경기 수원시 팔달구 매산로1가 18,127.00069,37.2655524,6
수원 화성 화홍문,경기,수원시,2.0,48.0,4.733333333333333,0.2666666666666666,1.0666666666666669,4.666666666666667,,경기 수원시 팔달구 북수동 9000-1,127.0176261,37.2875455,6
인사동 문화의 거리,서울,종로구,4.0,60.0,4.166666666666667,0.8333333333333334,1.6666666666666667,4.166666666666667,서울 종로구 인사동10길 11-4,서울 종로구 관훈동 30-1,126.9855916,37.5745468,6
IFC 몰,서울,영등포구,4.0,85.0,4.166666666666667,0.8333333333333334,1.5,3.75,서울 영등포구 국제금융로 10,서울 영등포구 여의도동 23-1,126.9259558,37.5250668,6
파주 프리미엄 아울렛,경기,파주시,4.0,131.53846153846155,4.461538461538462,0.3846153846153846,1.4615384615384617,4.384615384615385,경기 파주시 탄현면 필승로 200,경기 파주시 탄현면 법흥리 1790-8,126.6963345,37.7694708,6
북촌 한옥마을,서울,종로구,1.0,62.0,4.266666666666667,0.3333333333333333,0.8666666666666667,4.066666666666666,서울 종로구 북촌로 53,서울 종로구 가회동 30-2,126.9848125,37.5817682,6
현대 프리미엄 아울렛 김포점,경기,김포시,4.0,100.58823529411764,4.705882352941177,0.5294117647058824,1.5294117647058822,4.647058823529412,경기 김포시 고촌읍 아라육로152번길 100,경기 김포시 고촌읍 전호리 654,126.7855783,37.5993284,6
아침고요 수목원,경기,가평군,6.0,128.1818181818182,4.636363636363637,0.1818181818181818,1.9090909090909087,4.454545454545454,경기 가평군 상면 수목원로 432,경기 가평군 상면 행현리 623-3,127.3516612,37.743004,6
가평 양떼목장,경기,가평군,13.0,78.0,4.4,0.0,1.8,3.8,경기 가평군 설악면 유명로 1211-29,경기 가평군 설악면 천안리 862,127.4720015,37.6436103,6
서울로 717,서울,중구,7.0,34.285714285714285,4.285714285714286,0.5714285714285714,0.4285714285714285,4.0,서울 중구 퇴계로 33,서울 중구 남대문로5가 67-4,126.9702972,37.5566231,6
서울시립미술관 서소문 본관,서울,중구,3.0,77.14285714285714,4.142857142857143,0.5,0.7857142857142857,3.928571428571429,서울 중구 덕수궁길 61,서울 중구 서소문동 37,126.9737905,37.5641076,6
프로방스 마을,경기,파주시,4.0,40.0,3.333333333333333,0.1666666666666666,0.8333333333333334,2.6666666666666665,경기 파주시 탄현면 새오리로 77,경기 파주시 탄현면 성동리 82-1,126.6852386,37.7904052,6
CGV 용산 아이파크몰,서울,용산구,3.0,195.0,4.666666666666667,0.5,1.0,4.666666666666667,서울 용산구 한강대로23길 55,서울 용산구 한강로3가 40-999,126.9639508,37.5297517,6
더 현대 서울,서울,영등포구,4.0,123.94736842105264,4.421052631578948,0.4473684210526316,0.9473684210526316,4.473684210526316,서울 영등포구 여의대로 108,서울 영등포구 여의도동 22,126.928296,37.5260497,6
헤이리 예술마을,경기,파주시,3.0,61.875,3.9375,0.25,0.875,3.6875,,경기 파주시 탄현면 법흥리 1652-239,126.6989531,37.7881743,6
대부바다 향기테마파크,경기,안산시,1.0,70.0,4.333333333333333,0.5,1.3333333333333333,4.333333333333333,경기 안산시 단원구 대부황금로 1480-7,경기 안산시 단원구 대부북동 1841-10,126.5745552,37.2862759,6
열린 송현 녹지 광장,서울,종로구,7.0,30.0,3.8,0.0,1.0,3.8,,서울 종로구 송현동 48-9,126.9817151,37.5765681,6
조양 방직,인천,강화군,4.0,90.0,4.636363636363637,0.1818181818181818,1.7272727272727273,4.727272727272728,인천 강화군 강화읍 향나무길5번길 12,인천 강화군 강화읍 신문리 587,126.480346,37.7470122,6
월미 바다역,인천,중구,13.0,52.5,4.125,0.0,1.125,4.125,인천 중구 월미로 6,인천 중구 북성동1가 3-71,126.6168066,37.4754504,6
인천 차이나타운,인천,중구,4.0,53.02325581395349,4.093023255813954,0.4883720930232558,0.9767441860465116,3.930232558139535,,인천 중구 북성동2가 14,126.618632,37.4755365,6
파라다이스 시티 원더 박스,인천,중구,6.0,214.28571428571428,4.857142857142857,0.0,2.142857142857143,4.142857142857143,인천 중구 영종해안남로321번길 186,인천 중구 운서동 2874,126.4573003,37.4365797,6
파라다이스 시티,인천,중구,3.0,98.57142857142856,4.142857142857143,0.4285714285714285,1.0,3.7142857142857135,인천 중구 영종해안남로321번길 186,인천 중구 운서동 2874,126.4558126,37.4371576,6
놀자 숲,경기,동두천시,1.0,132.0,4.6,0.0,1.6,4.4,경기 동두천시 탑동가산로 1,경기 동두천시 탑동동 37,127.1372191,37.8855774,6
행궁동 벽화마을,경기,수원시,13.0,40.0,2.888888888888889,0.0,0.8888888888888888,2.7777777777777777,,경기 수원시 팔달구 북수동,127.0169243,37.2859832,6
수원 화성,경기,수원시,2.0,63.52941176470589,4.352941176470588,0.3529411764705882,0.7647058823529411,4.352941176470588,,경기 수원시 장안구 영화동 320-2,127.0117957,37.286957,6
청라 호수 공원,인천,서구,7.0,48.0,4.4,0.2,2.0,4.6,,인천 서구 청라동 1-794,126.6342741,37.5378228,6
강화 루지,인천,강화군,13.0,68.57142857142857,4.571428571428571,0.4285714285714285,2.2857142857142856,4.285714285714286,인천 강화군 길상면 장흥로 217,인천 강화군 길상면 선두리 산 343-2,126.4981166,37.6171154,6
안녕 인사동,서울,종로구,4.0,48.0,4.0,0.6,1.4,3.8,서울 종로구 인사동길 49,서울 종로구 관훈동 155-2,126.9835178,37.5745015,6
서대문형무소 역사관,서울,서대문구,2.0,75.0,4.833333333333333,0.0,1.6666666666666667,5.0,서울 서대문구 통일로 251,서울 서대문구 현저동 101,126.956071,37.574271,6
짜장면 박물관,인천,중구,13.0,38.18181818181818,3.909090909090909,0.0,0.8181818181818182,3.090909090909091,인천 중구 차이나타운로 56-14,인천 중구 선린동 38-1,126.618189,37.4748349,6
롯데월드타워 롯데월드몰,서울,송파구,4.0,118.75,4.333333333333333,0.6666666666666666,0.7083333333333334,4.291666666666667,서울 송파구 올림픽로 300,서울 송파구 신천동 29,127.1040795,37.5136519,6
트리플 스트리트,인천,연수구,4.0,75.0,4.642857142857143,0.7142857142857143,1.0,4.428571428571429,인천 연수구 송도과학로16번길 33-3,인천 연수구 송도동 176-1,126.6609975,37.3799951,6
마장호수 출렁다리,경기,파주시,1.0,63.0,4.5,0.1,1.3,4.3,,경기 파주시 광탄면 기산리 481-1,126.9280526,37.7758982,6
송도 타임스페이스,인천,연수구,4.0,78.0,4.4,0.4,0.6,4.4,인천 연수구 하모니로 158,인천 연수구 송도동 8-22,126.6428696,37.3834134,6
현대 프리미엄 아울렛 송도점,인천,연수구,4.0,85.55555555555556,4.592592592592593,0.4814814814814814,1.148148148148148,4.518518518518518,인천 연수구 송도국제대로 123,인천 연수구 송도동 168-1,126.6579049,37.3817378,6
아쿠아 필드 하남,경기,하남시,6.0,274.2857142857143,4.857142857142857,0.4285714285714285,0.8571428571428571,4.714285714285714,경기 하남시 미사대로 750,경기 하남시 신장동 616,127.2234772,37.5458286,6
트레이더스 홀세일 클럽 하남점,경기,하남시,4.0,42.0,4.4,0.4,1.6,4.6,경기 하남시 미사대로 750,경기 하남시 신장동 616,127.2238015,37.5456713,6
상동호수 공원,경기,부천시,7.0,35.45454545454545,4.090909090909091,0.1818181818181818,0.7272727272727273,3.909090909090909,경기 부천시 조마루로 15,경기 부천시 상동 549,126.745376,37.5041844,6
송월동 동화마을,인천,중구,7.0,39.375,3.6875,0.375,0.75,3.5625,,인천 중구 송월동3가 17,126.6203491,37.4780179,6
김포 장릉,경기,김포시,2.0,78.0,4.8,0.0,0.8,4.6,경기 김포시 장릉로 79,경기 김포시 풍무동 666-3,126.7111349,37.6130296,6
일산 호수공원,경기,고양시,1.0,82.94117647058823,4.529411764705882,0.5882352941176471,1.2352941176470589,4.529411764705882,경기 고양시 일산동구 호수로 595,경기 고양시 일산동구 장항동 906,126.7641415,37.656136,6
송도 한옥마을,인천,연수구,4.0,30.0,4.285714285714286,0.2857142857142857,1.5714285714285714,4.285714285714286,인천 연수구 테크노파크로 180,인천 연수구 송도동 24-17,126.6388695,37.3908644,6
율동 공원,경기,성남시,7.0,100.0,4.666666666666667,0.3333333333333333,0.6666666666666666,4.833333333333333,경기 성남시 분당구 문정로 145,경기 성남시 분당구 율동 318,127.1519514,37.3791292,6
현대 프리미엄 아울렛 스페이스 원,경기,남양주시,4.0,124.28571428571428,4.142857142857143,0.7142857142857143,1.4285714285714286,4.285714285714286,경기 남양주시 다산순환로 50,경기 남양주시 다산동 6141,127.1524791,37.6163047,6
운정 호수 공원,경기,파주시,1.0,45.0,4.125,0.375,1.375,4.125,,경기 파주시 와동동,126.7578737,37.7198872,6
광명 업사이클 아트센터,경기,광명시,3.0,30.0,4.8,0.0,1.4,4.2,경기 광명시 가학로85번길 142,경기 광명시 가학동 27,126.8634004,37.4247125,6
서울 식물원,서울,강서구,6.0,90.0,4.5,0.0,0.8333333333333334,4.333333333333333,서울 강서구 마곡동로 161,서울 강서구 마곡동 727-256,126.8350372,37.5693958,6
시흥 오이도 박물관,경기,시흥시,2.0,101.25,4.375,0.125,2.125,4.0,,경기 시흥시 정왕동 2202-6,126.6909132,37.3355386,6
수원 화성 박물관,경기,수원시,2.0,54.0,4.2,0.0,0.9,4.1,경기 수원시 팔달구 창룡대로 21,경기 수원시 팔달구 매향동 49,127.0190255,37.2827175,6
물향기 수목원,경기,오산시,1.0,84.0,4.6,0.6,1.2,4.6,경기 오산시 청학로 211,경기 오산시 수청동 332-4,127.0595311,37.1663085,6
별마다 도서관,서울,강남구,3.0,48.0,3.6,0.6,0.6,3.6,,서울 강남구 삼성동 159-9,127.0601718,37.5100658,6
AK플라자 홍대,서울,마포구,3.0,60.0,4.222222222222222,0.5555555555555556,0.6666666666666666,4.222222222222222,서울 마포구 양화로 188,서울 마포구 동교동 192-45,126.9264078,37.5578085,6
소찬공원,인천,연수구,7.0,55.0,3.6666666666666665,0.5,1.0,3.333333333333333,인천 연수구 컨벤시아대로391번길 20,인천 연수구 송도동 12-8,126.6282104,37.3723605,6
플러스 시어터,서울,종로구,3.0,126.0,5.0,0.8,0.2,5.0,서울 종로구 대학로12길 73,서울 종로구 동숭동 1-144,127.0039715,37.5808257,6
인천개항 박물관,인천,중구,3.0,38.57142857142857,4.428571428571429,0.0,0.8571428571428571,4.285714285714286,인천 중구 신포로23번길 89,인천 중구 중앙동1가 9-2,126.6205845,37.4732857,6
자유 공원,인천,중구,8.0,38.57142857142857,4.142857142857143,0.1428571428571428,0.7142857142857143,4.0,인천 중구 자유공원남로 25,인천 중구 송학동1가 11-1,126.6219706,37.475503,6
한지문화산업센터,서울,종로구,3.0,66.0,5.0,0.2,0.8,4.6,서울 종로구 북촌로 31-9,서울 종로구 재동 8,126.9843997,37.5795381,6
일월 수목원,경기,수원시,1.0,84.54545454545455,4.636363636363637,0.0,0.6363636363636364,4.545454545454546,경기 수원시 장안구 일월로 61,경기 수원시 장안구 천천동 430,126.9764759,37.2877923,6
피크닉,서울,중구,3.0,47.142857142857146,4.571428571428571,0.2857142857142857,0.1428571428571428,4.857142857142857,서울 중구 퇴계로6가길 30,서울 중구 남창동 194,126.9781231,37.5569582,6
다산 생태공원,경기,남양주시,2.0,30.0,4.125,0.375,1.0,4.0,경기 남양주시 조안면 다산로 767,경기 남양주시 조안면 능내리 56-9,127.2976519,37.5137588,6
롯데 프리미엄 아울렛 기흥점,경기,용인시,4.0,170.0,4.5,0.5,1.3333333333333333,4.666666666666667,경기 용인시 기흥구 신고매로 124,경기 용인시 기흥구 고매동 286,127.1209595,37.2250337,6
대한 성공회 강화성당,인천,강화군,2.0,36.66666666666666,4.333333333333333,0.0,1.4444444444444444,4.0,인천 강화군 강화읍 관청길27번길 10,인천 강화군 강화읍 관청리 422,126.4863004,37.7486727,6
공간 와디즈,서울,성동구,4.0,54.0,4.4,0.2,1.0,3.8,서울 성동구 연무장1길 7-1,서울 성동구 성수동2가 301-27,127.0505248,37.5449301,6
파라다이스 시티 씨메르,인천,중구,6.0,345.0,4.666666666666667,0.3333333333333333,1.1666666666666667,4.666666666666667,인천 중구 영종해안남로321번길 186,인천 중구 운서동 2850-17,126.4571625,37.4356456,6
수원 화성 팔달문,경기,수원시,2.0,42.85714285714285,4.0,0.1428571428571428,0.2857142857142857,3.571428571428572,경기 수원시 팔달구 정조로 780,경기 수원시 팔달구 팔달로2가 138,127.016733,37.2775621,6
T 팩토리,서울,마포구,13.0,63.75,4.375,0.25,0.875,4.125,서울 마포구 양화로 144,서울 마포구 동교동 162-5,126.9223949,37.5553454,6
홍대 패션거리,서울,마포구,4.0,42.0,3.8,0.7,0.2,3.8,,서울 마포구 서교동 348-78,126.9235809,37.5553966,6
현대모터 스튜디오 고양,경기,고양시,6.0,114.0,4.8,0.0,2.2,4.6,경기 고양시 일산서구 킨텍스로 217-6,경기 고양시 일산서구 대화동 2601,126.7474937,37.6662718,6
송도 달빛축제공원,인천,연수구,5.0,213.75,4.875,0.75,1.0,4.875,인천 연수구 센트럴로 350,인천 연수구 송도동 26-1,126.6348965,37.4072183,6
동탄 호수 공원,경기,화성시,7.0,42.0,4.4,0.8,1.0,4.6,,경기 화성시 송동 54-1,127.1045221,37.1678344,6
아베베 베이커리,제주특별자치도,제주시,4.0,36.66666666666666,4.555555555555555,0.1111111111111111,1.0,4.666666666666667,서울 종로구 청계천로 201,서울 종로구 예지동 269-27,126.9999434,37.5695381,6
대한불교조계종 봉은사,서울,강남구,2.0,36.0,4.4,0.0,0.4,4.4,서울 강남구 봉은사로 531,서울 강남구 삼성동 73,127.057665,37.5154641,6
의정부 제일시장,경기,의정부시,4.0,42.0,4.4,0.4,0.4,4.6,경기 의정부시 태평로73번길 20,경기 의정부시 의정부동 160,127.0504005,37.7397662,6
AK플라자 분당,경기,성남시,4.0,50.0,3.333333333333333,0.5,0.1666666666666666,3.333333333333333,경기 성남시 분당구 황새울로360번길 42,경기 성남시 분당구 서현동 263,127.1231812,37.3852355,6
에버랜드 판다 월드,경기,용인시,6.0,51.42857142857143,4.857142857142857,0.5714285714285714,1.7142857142857142,4.857142857142857,경기 용인시 처인구 포곡읍 에버랜드로 199,경기 용인시 처인구 포곡읍 전대리 519-19,127.202822,37.2930946,6
롯데 프리미엄 아울렛 타임 빌라스,경기,의왕시,4.0,120.0,4.571428571428571,0.5714285714285714,1.1428571428571428,4.428571428571429,경기 의왕시 바라산로 1,경기 의왕시 학의동 1039,127.0096645,37.3761809,6
경기도 미술관,경기,안산시,3.0,108.0,4.8,0.0,1.4,4.6,경기 안산시 단원구 동산로 268,경기 안산시 단원구 초지동 667,126.813958,37.3257667,6
플라잉 수원,경기,수원시,2.0,45.0,4.833333333333333,0.0,1.5,4.833333333333333,경기 수원시 팔달구 경수대로 697,경기 수원시 팔달구 지동 261-100,127.0257432,37.2872827,6
국립 세계문자 박물관,인천,연수구,3.0,66.0,4.4,0.0,1.0,3.8,인천 연수구 센트럴로 217,인천 연수구 송도동 24-8,126.6378866,37.3947096,6
석모도 미네랄 온천,인천,강화군,6.0,132.85714285714286,4.285714285714286,0.0,1.5714285714285714,4.285714285714286,인천 강화군 삼산면 삼산남로 865-17,인천 강화군 삼산면 매음리 645-27,126.3127183,37.6855016,6
화개 정원,인천,강화군,1.0,65.0,3.8333333333333335,0.0,2.333333333333333,3.8333333333333335,,인천 강화군 교동면 고구리 산 233,126.2911026,37.7830333,6
방아머리 해변,경기,안산시,1.0,102.85714285714286,4.428571428571429,0.0,2.4285714285714284,4.428571428571429,,경기 안산시 단원구 대부북동,126.5767674,37.2891527,6
월미문화의 거리,인천,중구,4.0,40.0,4.5,0.1666666666666666,1.3333333333333333,4.5,,인천 중구 북성동1가 98-57,126.5978418,37.4736214,6
파라다이스 시티 플라자,인천,중구,4.0,70.0,4.666666666666667,0.1666666666666666,1.5,4.5,,인천 중구 운서동 2850-17,126.4584169,37.4371831,6
